Job ID,Job URL,Job Title,Company Name,Status,Timestamp,WP ID
92065f7eabe3b856,https://es.linkedin.com/jobs/view/jefe-de-servicios-at-suman-social-sl-4433909928,JEFE DE SERVICIOS,Suman Social SL.,posted,2026-07-06T23:50:26.266503,22
bdd5586c2d4b9475,https://es.linkedin.com/jobs/view/%C2%BFno-encuentras-tu-puesto-ideal%3F-%C2%A1queremos-conocerte-de-todos-modos%21-at-budenheim-4436964599,¿No encuentras tu puesto ideal? ¡Queremos conocerte de todos modos!,,scraped,2026-07-06T23:50:28.912163,
8f3b9a1a60bb12c6,https://es.linkedin.com/jobs/view/limpieza-industrial-utrillas-at-recimant-4437447539,LIMPIEZA INDUSTRIAL-UTRILLAS,RECIMANT,posted,2026-07-06T23:50:43.149263,24
3a920506d43e7245,https://es.linkedin.com/jobs/view/jefe-de-servicios-at-suman-ingenieria-y-servicios-de-seguridad-sl-4435525368,JEFE DE SERVICIOS,SUMAN INGENIERIA Y SERVICIOS DE SEGURIDAD SL,posted,2026-07-06T23:50:48.169263,22
f21ccd7175c37623,https://es.linkedin.com/jobs/view/d%C3%A9veloppeur-front-end-shopify-h-f-at-hover-4435843309,Développeur Front-end Shopify (H/F),Hover,posted,2026-07-06T23:50:58.968006,26
8f357710e956e963,https://es.linkedin.com/jobs/view/jefe-de-mantenimiento-at-planea-energ%C3%ADa-4435540209,Jefe de mantenimiento,,scraped,2026-07-06T23:51:01.652166,
1a4911bd10e14249,https://es.linkedin.com/jobs/view/auditor-a-senior-andorra-at-kpmg-espa%C3%B1a-4373458910,Auditor/a Senior - Andorra,KPMG España,posted,2026-07-06T23:51:17.152660,28
c2e4858c33a21130,https://es.linkedin.com/jobs/view/operario-a-planta-qu%C3%ADmica-at-budenheim-4394677820,Operario/a Planta Química,,scraped,2026-07-06T23:51:19.978997,
7360caca484c2789,https://es.linkedin.com/jobs/view/responsable-de-producci%C3%B3n-y-mantenimiento-at-intrasa-industria-de-transformaciones-s-a-4436365469,Responsable de producción y mantenimiento,"INTRASA, Industria de Transformaciones, S.A.",posted,2026-07-06T23:51:33.754632,30
04d10f5555c83570,https://es.linkedin.com/jobs/view/personal-mantenimiento-industrial-la-puebla-de-hijar-at-molins-4406085612,PERSONAL MANTENIMIENTO INDUSTRIAL (La Puebla de Hijar),,scraped,2026-07-06T23:51:36.493359,
cf11714f97a98e58,https://es.linkedin.com/jobs/view/sales-assistant-20h-grupo-pampling-citees-zaragoza-cc-puerto-venecia-at-pampling-4433168630,Sales Assistant 20H | Grupo Pampling | Citees Zaragoza CC Puerto Venecia,,scraped,2026-07-06T23:51:45.126652,
d3b778d9d859d4de,https://es.linkedin.com/jobs/view/senior-process-industrialization-engineer-at-draxton-mobility-inspired-4436338229,Senior Process & Industrialization Engineer,,scraped,2026-07-07T11:23:22.995897,
52db2017ed02348d,https://es.linkedin.com/jobs/view/t%C3%A9cnico-jefe-de-producci%C3%B3n-a-turnos-at-saica-group-4435832087,Técnico Jefe de Producción (a turnos),,scraped,2026-07-07T11:23:30.321573,
a32c314b0aeef91b,https://es.linkedin.com/jobs/view/t%C3%A9cnico-a-comercial-vidrio-at-adeas-hr-passion-for-people-4433927357,TÉCNICO/A COMERCIAL VIDRIO,,scraped,2026-07-07T11:23:38.341942,
4fb9830fcb76b257,https://es.linkedin.com/jobs/view/veterinario-at-ivc-evidensia-espa%C3%B1a-4435544375,Veterinario,,scraped,2026-07-07T11:23:50.401011,
e151b8b8ae408c9d,https://es.linkedin.com/jobs/view/operaciones-puerto-venecia-store-16h-at-scalpers-4433167131,"Operaciones, Puerto Venecia Store -16h-",,scraped,2026-07-07T11:23:57.938374,
ee32b8ab9a37409f,https://es.linkedin.com/jobs/view/senior-sales-and-technical-representative-swine-at-cargill-4433717463,Senior Sales and Technical Representative Swine,Cargill,posted,2026-07-07T11:24:14.194021,32
7a24dd2fc465d84a,https://es.linkedin.com/jobs/view/beca-experience-talent-internship-log%C3%ADstica-at-hmy-4425183255,Beca Experience&Talent Internship - Logística,HMY,posted,2026-07-07T11:24:28.924200,34
aa28ab0db2fff6d4,https://es.linkedin.com/jobs/view/digital-expert-intern-m-f-x-at-procter-gamble-4437471310,Digital Expert Intern (m/f/x),Procter &amp; Gamble,posted,2026-07-07T11:24:37.861752,36
907450288804ccd1,https://es.linkedin.com/jobs/view/digital-expert-intern-m-f-x-at-procter-gamble-espa%C3%B1a-4433997187,Digital Expert Intern (m/f/x),Procter & Gamble España,posted,2026-07-07T11:24:44.297254,36
93592ea5b0f7922e,https://es.linkedin.com/jobs/view/busco-peluquer%40-at-arte-miss-4436037668,Busco Peluquer@,Arte-Miss,posted,2026-07-07T11:24:53.895124,38
c6bb95f7196b7255,https://es.linkedin.com/jobs/view/personal-de-limpieza-%C3%A1rea-de-servicio-pina-zaragoza-at-areas-4436356506,Personal de Limpieza - Área de Servicio Pina (Zaragoza),,scraped,2026-07-07T19:17:58.350106,
08c7c67153f2ff23,https://es.linkedin.com/jobs/view/pastelero-a-eventos-at-hotel-villa-retiro-4436721944,PASTELERO/A EVENTOS,,scraped,2026-07-07T19:18:09.298629,
3970bc787a99d11a,https://es.linkedin.com/jobs/view/ayudante-de-camarero-a-estaci%C3%B3n-de-tren-girona-at-areas-4436931137,Ayudante de Camarero/a Estación de tren Girona,,scraped,2026-07-07T19:18:15.844095,
cc19a9f405c5d367,https://es.linkedin.com/jobs/view/tecnico-de-prl-at-brelec-renovables-4434540613,Tecnico de PRL,,scraped,2026-07-07T19:18:25.815887,
0c4ba048209f1253,https://es.linkedin.com/jobs/view/responsable-de-mantenimiento-at-hays-4433944343,Responsable de mantenimiento,,scraped,2026-07-07T19:18:34.830263,
c8ca64fa64a4a321,https://es.linkedin.com/jobs/view/t%C3%A9cnico-de-calidad-at-brelec-renovables-4434537692,Técnico de Calidad,,scraped,2026-07-07T19:18:44.218879,
8fd2e02240508874,https://es.linkedin.com/jobs/view/encargado-a-de-granja-porcina-%E2%80%93-belchite-at-temps-4437773774,Encargado/a de Granja Porcina –  Belchite,,scraped,2026-07-07T19:18:53.063344,
4f8dd8f432f9d1f0,https://es.linkedin.com/jobs/view/assistant-saica-at-ayanet-recursos-humanos-4436742243,ASSISTANT (SAICA),,scraped,2026-07-07T19:19:02.509087,
c46495825e8b5514,https://es.linkedin.com/jobs/view/gerente-de-%C3%A1rea-de-ventas-arag%C3%B3n-navarra-at-italfarmaco-4422249851,Gerente de área de ventas - Aragón/Navarra,,scraped,2026-07-07T23:32:22.723757,
f4eabdce1e6ac086,https://es.linkedin.com/jobs/view/electrical-maintenance-engineer-at-saica-group-4426358607,Electrical Maintenance Engineer,,scraped,2026-07-07T23:32:29.829432,
0a5f70fb76650d59,https://es.linkedin.com/jobs/view/vigilante-de-seguridad-teruel-at-securitas-seguridad-espa%C3%B1a-4342073136,Vigilante de Seguridad (Teruel),,scraped,2026-07-08T16:17:10.702354,
83de0e130b630999,https://es.linkedin.com/jobs/view/graduate-program-auditor%C3%ADa-kpmg-andorra-octubre-2026-at-kpmg-espa%C3%B1a-4371923075,Graduate Program Auditoría KPMG Andorra - Octubre 2026,KPMG España,posted,2026-07-08T16:17:34.810724,64
e18a5bf90e0853aa,https://es.linkedin.com/jobs/view/t%C3%A9cnico-de-recursos-humanos-at-hays-4434826204,Técnico de recursos humanos,,scraped,2026-07-08T16:17:43.631231,
18de82cb84645785,https://es.linkedin.com/jobs/view/sales-assistant-20h-grupo-pampling-citees-zaragoza-cc-puerto-venecia-at-pampling-4433180242,Sales Assistant 20H | Grupo Pampling | Citees Zaragoza CC Puerto Venecia,,scraped,2026-07-08T16:18:06.973716,
7990aae139bde4fc,https://es.linkedin.com/jobs/view/personal-de-limpieza-area-de-servicio-de-pina-del-ebro-at-areas-4438557783,Personal de Limpieza - Area de Servicio de Pina del Ebro,,scraped,2026-07-09T10:33:59.577777,
e29755c91c7e2ee0,https://es.linkedin.com/jobs/view/inspector-a-mec%C3%A1nico-de-itv-at-sgs-4434858107,Inspector/a Mecánico de ITV,,scraped,2026-07-09T23:54:25.548714,
8f5a2302dbd1dd97,https://es.linkedin.com/jobs/view/azafato-a-at-assai-comunicacion-4436285885,Azafato/a,,scraped,2026-07-09T23:54:38.243490,
1498d2bd3090805b,https://es.linkedin.com/jobs/view/profesor-a-de-ingl%C3%A9s-my-english-house-at-my-english-house-eixample-4434877290,Profesor/a de Inglés - My English House,,scraped,2026-07-09T23:54:49.588713,
acfeefa44e29f27c,https://es.linkedin.com/jobs/view/vendedor-a-sales-assistant-m-h-at-courir-4437199260,Vendedor/a - Sales Assistant - M/H,,scraped,2026-07-09T23:55:06.949004,
995a2880ebfbda48,https://es.linkedin.com/jobs/view/planificador-a-on-site-e%C3%B3lico-fotovoltaico-y-bess-at-ges-global-energy-services-4435965061,"Planificador/a On site Eólico, Fotovoltaico y BESS",,scraped,2026-07-11T07:23:22.571289,
947ebb3e6a88409e,https://es.linkedin.com/jobs/view/director-a-de-obra-direcci%C3%B3n-facultativa-at-the-green-recruitment-company-4437398815,Director/a de Obra - Dirección Facultativa,,scraped,2026-07-11T07:23:35.199642,
6abffdc517a6e070,https://es.linkedin.com/jobs/view/sales-representative-iii-at-cargill-4436970011,Sales Representative III,Cargill,posted,2026-07-11T07:23:57.631014,66
ba939cd8150c3771,https://es.linkedin.com/jobs/view/trabajador-social-at-emocional-com-4438608683,Trabajador social,,scraped,2026-07-11T07:24:06.257575,
2e04a3b5155d0c88,https://es.linkedin.com/jobs/view/veterinario-de-urgencias-anicura-aralar-hospital-veterinario-at-anicura-espa%C3%B1a-4289459757,Veterinario de Urgencias - AniCura Aralar Hospital Veterinario,,scraped,2026-07-11T07:24:14.802761,
eb9282cd0386b3f4,https://es.linkedin.com/jobs/view/sales-assistant-20h-grupo-pampling-citees-zaragoza-cc-puerto-venecia-at-pampling-4433784376,Sales Assistant 20H | Grupo Pampling | Citees Zaragoza CC Puerto Venecia,,scraped,2026-07-11T07:24:21.950071,
2a80a2929125b48b,https://es.linkedin.com/jobs/view/listado-de-las-mejores-ofertas-de-empleo-publicadas-recientemente-en-los-%C3%BAltimos-d%C3%ADas-en-badajoz-at-infoprovincia-4439554025,LISTADO DE LAS MEJORES OFERTAS DE EMPLEO PUBLICADAS RECIENTEMENTE EN LOS ÚLTIMOS DÍAS EN BADAJOZ,,scraped,2026-07-11T11:33:47.058897,
7f1a769f67a0c917,https://es.linkedin.com/jobs/view/personal-de-conducci%C3%B3n-oficina-m%C3%B3vil-cami%C3%B3n-at-alsa-4435674857,Personal de conducción oficina móvil (camión),,scraped,2026-07-11T11:34:08.958366,
8bbeac814ab239c3,https://es.linkedin.com/jobs/view/formador-a-en-prl-con-conocimientos-en-ergonom%C3%ADa-at-next-level-4436662821,FORMADOR/A EN PRL CON CONOCIMIENTOS EN ERGONOMÍA,NEXT LEVEL,posted,2026-07-11T18:39:52.040590,68
63fd4643649dcd0d,https://es.linkedin.com/jobs/view/dinamizador-a-sociocultural-%E2%80%93-residencia-de-mayores-at-emocional-com-4438205227,Dinamizador/a Sociocultural – Residencia de Mayores,,scraped,2026-07-12T15:40:30.381512,
847e6a4c82d79a18,https://es.linkedin.com/jobs/view/customer-service-representative-at-cargill-4400447544,Customer Service Representative,Cargill,posted,2026-07-12T20:04:31.346163,70
6c7f03fff6f1e6d0,https://es.linkedin.com/jobs/view/comercial-arag%C3%B3n-at-eladiet-4439082123,Comercial Aragón,,scraped,2026-07-12T20:04:34.140549,
e9b263d0270c00d4,https://es.linkedin.com/jobs/view/t%C3%A9cnica-o-comercial-en-electrot%C3%A9cnica-%E2%80%93-regi%C3%B3n-arag%C3%B3n-at-eltako-4440037745,Técnica/o comercial en electrotécnica – Región Aragón,,scraped,2026-07-13T18:21:47.137590,
4aa8686a21abdc6f,https://es.linkedin.com/jobs/view/pr%C3%A1cticas-rrhh-teruel-at-serlog-4440020159,Prácticas RRHH Teruel,,scraped,2026-07-13T18:21:56.098819,
61381cfb57848369,https://es.linkedin.com/jobs/view/ingeniero-a-electrico-a-at-segula-technologies-4440011687,INGENIERO/A ELECTRICO/A,SEGULA Technologies,posted,2026-07-13T18:22:27.604077,72
b4f59b58603ac46e,https://es.linkedin.com/jobs/view/product-supply-engineer-intern-m-f-x-at-procter-gamble-4361655727,Product Supply Engineer Intern (m/f/x),Procter &amp; Gamble,posted,2026-07-13T18:22:39.719493,74
e2d4e995db489107,https://es.linkedin.com/jobs/view/teacher-of-science%0Aedv-2026-cvc-44156-at-ernulf-academy-4440066076,"Teacher of Science
EDV/2026/CVC/44156",,scraped,2026-07-13T23:17:23.827243,
cb2fbc95cd04b96d,https://es.linkedin.com/jobs/view/operario-a-almac%C3%A9n-at-grupo-urvina-4440084896,Operario/a almacén,,scraped,2026-07-13T23:17:37.339449,
4fb092644f1c1cd1,https://es.linkedin.com/jobs/view/dependiente-a-maquinaria-de-construcci%C3%B3n-at-kiloutou-espa%C3%B1a-4440520322,DEPENDIENTE/A MAQUINARIA DE CONSTRUCCIÓN,,scraped,2026-07-14T12:50:19.795295,
611828436e164dd0,https://es.linkedin.com/jobs/view/educador-a-social-y-o-trabajador-a-social-at-emocional-com-4438608683,Educador/a social y/o trabajador/a social,,scraped,2026-07-14T12:50:40.944543,
6a23643eceadcbcc,https://es.linkedin.com/jobs/view/responsable-de-mantenimiento-at-hays-4437669419,Responsable de mantenimiento,,scraped,2026-07-14T17:49:34.091652,
e615f713031df4d9,https://es.linkedin.com/jobs/view/customer-service-representative-at-the-adecco-group-4439876557,Customer Service Representative,,scraped,2026-07-14T17:49:45.655167,
88d00e148dba0125,https://es.linkedin.com/jobs/view/jefe-de-obra-planta-fotovoltaica-at-brelec-renovables-4437676181,Jefe de obra planta fotovoltaica,,scraped,2026-07-14T21:33:39.467941,
06133df95d9f89fb,https://es.linkedin.com/jobs/view/jefe-a-de-planta-o-m-at-grupo-cobra-4437694730,Jefe/a de Planta (O&M),,scraped,2026-07-14T21:33:52.323279,
00309e4b2bf2de57,https://es.linkedin.com/jobs/view/veterinario-de-urgencias-anicura-aralar-hospital-veterinario-at-anicura-4380269843,Veterinario de Urgencias - AniCura Aralar Hospital Veterinario,,scraped,2026-07-14T21:34:01.024350,
4db740558e70692a,https://es.linkedin.com/jobs/view/inspector-a-de-calidad-mec%C3%A1nico-obra-pv-at-zelestra-4440941730,"Inspector/a de calidad mecánico, obra PV",,scraped,2026-07-15T12:56:59.027238,
0c462a9cb8386519,https://es.linkedin.com/jobs/view/inspector-a-de-calidad-civil-obra-pv-at-zelestra-4441209020,Inspector/a de Calidad Civil Obra PV,,scraped,2026-07-15T18:02:38.036337,
937fdb3bcb43df9e,https://es.linkedin.com/jobs/view/administrativo-anicura-aralar-cuarte-de-huerva-zaragoza-at-anicura-4419291503,"Administrativo - AniCura Aralar (Cuarte de Huerva, Zaragoza)",,scraped,2026-07-15T18:02:50.959369,
6599375909578d39,https://es.linkedin.com/jobs/view/fisioterapeuta-a-jornada-completa-estable-a-gandesa-at-%E5%AE%89%E5%9F%8E%E7%89%9B%E4%B9%B3%E8%B2%A9%E5%A3%B2%EF%BC%88%E6%A0%AA%EF%BC%89-4440224509,Fisioterapeuta a jornada completa estable a Gandesa,安城牛乳販売（株）,posted,2026-07-15T18:03:22.892100,76
b435cf3ffd5819cd,https://es.linkedin.com/jobs/view/t%C3%A9cnico-a-jefe-a-de-producci%C3%B3n-saica-at-ayanet-recursos-humanos-4438468461,TÉCNICO/A JEFE/A DE PRODUCCIÓN (SAICA),,scraped,2026-07-16T06:40:01.985698,
0fa161c47497fb66,https://es.linkedin.com/jobs/view/special-services-supervisor-at-michigan-association-of-secondary-school-principals-massp-4439937046,Special Services Supervisor,Michigan Association of Secondary School Principals (MASSP),posted,2026-07-16T13:10:44.781686,78
4b504b7b5ce2874c,https://es.linkedin.com/jobs/view/entrenador-personal-at-sportup-personal-trainers-4440245793,Entrenador Personal,,scraped,2026-07-16T13:10:49.436636,
4055de653782a1e8,https://es.linkedin.com/jobs/view/t%C3%A9cnicos-de-tendido-de-fibra-%C3%B3ptica-zaragoza-at-fibra-y-sistemas-sl-4440700047,Técnicos de Tendido de Fibra Óptica | Zaragoza,FIBRA Y SISTEMAS SL,posted,2026-07-16T13:11:14.066387,80
ee0c49b423d05770,https://es.linkedin.com/jobs/view/operarios-as-prefabricados-la-puebla-de-hijar-at-molins-4420738585,OPERARIOS/AS PREFABRICADOS (La Puebla de Hijar),,scraped,2026-07-16T17:57:39.294518,
860be635bd3118a2,https://es.linkedin.com/jobs/view/veterinario-junior-anicura-aralar-hospital-veterinario-at-anicura-espa%C3%B1a-4403630021,Veterinario Junior - AniCura Aralar Hospital Veterinario,,scraped,2026-07-16T17:57:59.373378,
a7cff79b6ac50597,https://es.linkedin.com/jobs/view/profesional-de-atenci%C3%B3n-al-cliente-at-asisa-4438055909,Profesional de atención al cliente,,scraped,2026-07-16T17:58:06.619557,
e14d71f2d22f9d0a,https://es.linkedin.com/jobs/view/sales-representative-automation-air-treatment-iberia-and-france-at-lincoln-electric-4430573400,"Sales Representative, Automation & Air Treatment, Iberia and France",Lincoln Electric,posted,2026-07-16T17:58:23.501505,82
f723b480b5cdaa03,https://es.linkedin.com/jobs/view/supervisor-a-el%C3%A9ctrico-fv-at-ges-global-energy-services-4438714025,Supervisor/a eléctrico FV,,scraped,2026-07-16T17:58:38.172143,
0d6f2525fafeef6f,https://es.linkedin.com/jobs/view/t%C3%A9cnico-de-mantenimiento-pina-de-ebro-at-gi-group-4441478983,TÉCNICO DE MANTENIMIENTO PINA DE EBRO,,scraped,2026-07-17T12:19:54.867694,
c4905435827591a1,https://es.linkedin.com/jobs/view/gestor-a-comercial-oficina-reci%C3%A9n-titulados-bujaraloz-at-caja-rural-de-arag%C3%B3n-4385733659,Gestor/a Comercial Oficina RECIÉN TITULADOS - Bujaraloz,,scraped,2026-07-17T17:47:59.781137,
c974b3a24f6817c9,https://es.linkedin.com/jobs/view/supervisor-a-de-log%C3%ADstica-en-obra-pv-at-zelestra-4442116139,Supervisor/a de Logística en Obra PV,,scraped,2026-07-17T17:48:10.769229,
c93363e1b61d428d,https://es.linkedin.com/jobs/view/sales-assistant-puerto-venecia-store-16h-temporal-at-scalpers-4438795515,"Sales Assistant, Puerto Venecia Store -16h- (Temporal)",,scraped,2026-07-17T17:48:20.809278,
9bd575dcfc906a3a,https://es.linkedin.com/jobs/view/ingeniero-a-de-mantenimiento-mec%C3%A1nico-saica-at-ayanet-recursos-humanos-4438476240,INGENIERO/A DE MANTENIMIENTO MECÁNICO (SAICA),,scraped,2026-07-17T17:48:32.129880,
eb3c67c730b747bc,https://es.linkedin.com/jobs/view/hr-business-partner-intern-at-procter-gamble-espa%C3%B1a-4410614462,HR Business Partner Intern,Procter & Gamble España,posted,2026-07-17T17:48:51.860566,84
f6beceb2d12bdcb5,https://es.linkedin.com/jobs/view/hr-business-partner-intern-at-procter-gamble-4414209350,HR Business Partner Intern,Procter &amp; Gamble,posted,2026-07-17T20:41:03.704491,84
9ea1a07b6f8d53c1,https://es.linkedin.com/jobs/view/wayside-on-board-service-engineer-at-hitachi-rail-4401945397,WAYSIDE & ON BOARD SERVICE ENGINEER,,scraped,2026-07-19T20:01:02.529130,
3ba87b87e643f69c,https://es.linkedin.com/jobs/view/tecnico-mantenimiento-instalacion-bess-y-eolica-4442585647,Tecnico mantenimiento instalacion bess y eolica,Comiolica,posted,2026-07-20T17:10:17.092108,86
c1f707d85c95db47,https://es.linkedin.com/jobs/view/gerente-de-bodega-at-grandes-vinos-4442710849,Gerente de Bodega,,scraped,2026-07-20T17:10:33.793471,
8fd788971f7fe56f,https://es.linkedin.com/jobs/view/programador-a-de-control-at-mecalux-4442062950,Programador/a de Control,,scraped,2026-07-20T17:10:47.961465,
21d851d07122ff59,https://es.linkedin.com/jobs/view/m%C3%A9dico-a-de-empresa-at-solutia-4443359181,Médico/a de Empresa,Solutia,posted,2026-07-21T13:07:18.180108,88
dee2074fc74fc031,https://es.linkedin.com/jobs/view/junior-a-a-caba-andorra-1-at-deloitte-4421967189,Junior A&A CABA Andorra 1,Deloitte,posted,2026-07-21T18:54:56.133993,90
3cb11dbf811d7d44,https://es.linkedin.com/jobs/view/desarrollo-comercial-y-ventas-at-sevasa-4443375744,Desarrollo comercial y ventas,,scraped,2026-07-21T18:55:06.893689,
83931efc6d1041c9,https://es.linkedin.com/jobs/view/casa-de-pueblo-en-castell-del-%23595-at-pedroochoa-4443737207,Casa de pueblo en Castell del #595,,scraped,2026-07-22T09:20:35.103874,
afe3fbd9124fd0cf,https://es.linkedin.com/jobs/view/t%C3%A9cnico-de-mantenimiento-at-hays-4441032544,Técnico de mantenimiento,,scraped,2026-07-22T15:58:56.543812,
c486a9cef67dc765,https://es.linkedin.com/jobs/view/health-safety-environment-coordinator-at-jmg-solutions-ltd-4443176682,Health Safety Environment Coordinator,,scraped,2026-07-22T20:25:44.292232,
fca5e69f2ebac528,https://es.linkedin.com/jobs/view/t%C3%A9cnico-a-mantenimiento-industrial-cedrillas-teruel-at-adecco-4442614208,Técnico/a Mantenimiento Industrial - Cedrillas (Teruel),,scraped,2026-07-23T18:23:45.315734,
b7c02865e97ebd2d,https://es.linkedin.com/jobs/view/t%C3%A9cnica-o-electricista-zaragoza-at-veolia-espa%C3%B1a-4443780819,Técnica/o electricista Zaragoza,,scraped,2026-07-23T18:23:51.736922,
c2763d5ac5967219,https://es.linkedin.com/jobs/view/https-undiaenpareja-com-empresa-belleza-y-bienestar-andorra-caldea-spa-at-un-d%C3%ADa-en-pareja-4441585353,https://undiaenpareja.com/empresa/belleza-y-bienestar/andorra/caldea-spa/,,scraped,2026-07-24T09:12:15.947949,
08ed1eab5288f4c4,https://es.linkedin.com/jobs/view/t%C3%A9cnico-a-prl-aeropuerto-de-teruel-at-adecco-4444096495,Técnico/a PRL - Aeropuerto de Teruel,,scraped,2026-07-24T09:12:36.744206,
1f622fb6588dfe3d,https://es.linkedin.com/jobs/view/gerocultor-a-a-jornada-completa-en-torn-de-nit-a-la-s%C3%A9nia-at-%E5%AE%89%E5%9F%8E%E7%89%9B%E4%B9%B3%E8%B2%A9%E5%A3%B2%EF%BC%88%E6%A0%AA%EF%BC%89-4444359424,Gerocultor/a a jornada completa en torn de nit a La Sénia,安城牛乳販売（株）,posted,2026-07-24T15:18:52.121004,92
4012ced2a232ef68,https://es.linkedin.com/jobs/view/delivery-manager-at-arelance-4444960126,Delivery Manager,Arelance,posted,2026-07-24T20:47:35.172836,94
9d6f83c9081695e6,https://es.linkedin.com/jobs/view/administrador-a-de-seguridad-perimetral-at-logirail-4445920276,Administrador/a de Seguridad Perimetral,LogiRAIL,posted,2026-07-27T10:57:21.154365,96
1e4e6f253ba51986,https://es.linkedin.com/jobs/view/operativ%40-de-tr%C3%A1fico-zaragoza-at-ader-4445939922,Operativ@ de Tráfico Zaragoza,,scraped,2026-07-27T18:05:06.418141,
747d27ee759b71ca,https://es.linkedin.com/jobs/view/ai-engineer-technical-product-owner-at-foxelli-group-4445900212,AI Engineer (Technical Product Owner),,scraped,2026-07-27T21:52:23.741863,
6d346a5864b26274,https://es.linkedin.com/jobs/view/t%C3%A9cnico-a-de-seguridad-y-salud-en-obra-fotovoltaica-at-zelestra-4445968398,Técnico/a de Seguridad y Salud en Obra Fotovoltaica,,scraped,2026-07-27T21:52:35.961567,
4fe086991d621e20,https://es.linkedin.com/jobs/view/work-travel-in-spain%21-account-manager-executive-german-speaking-hybrid-at-job-training-coaching-4445741201,Work & Travel in Spain! Account Manager Executive (German-speaking) Hybrid,JoB Training & Coaching,posted,2026-07-28T15:58:18.299244,98
0186dcf88c70e687,https://es.linkedin.com/jobs/view/ehs-specialist-at-lhh-4445159152,EHS Specialist,LHH,posted,2026-07-28T15:58:43.173330,100
9ca28af7ca909dfb,https://es.linkedin.com/jobs/view/english-teacher-in-miraflores-and-tauste-at-kids-us-language-school-belux-4445733538,English Teacher in Miraflores and Tauste,,scraped,2026-07-28T20:39:05.819341,
3f71245648e99191,https://es.linkedin.com/jobs/view/licenciatura-en-la-ense%C3%B1anza-de-las-ciencias-experimentales-at-centro-de-estudios-del-tucum%C3%A1n-4446531796,Licenciatura en la Enseñanza de las Ciencias Experimentales,,scraped,2026-07-29T08:04:06.210170,
5e73e046397dc6dd,https://es.linkedin.com/jobs/view/supervisor-de-log%C3%ADstica-at-instituto-aragon%C3%A9s-de-empleo-inaem-4431081874,Supervisor de logística,,scraped,2026-07-29T08:04:14.879402,
dfc826dff1f8429e,https://es.linkedin.com/jobs/view/joan-verd%C3%BA-at-the-agency-sports-management-4446838494,Joan Verdú,,scraped,2026-07-29T20:16:13.839675,
be86cd719ee382b9,https://es.linkedin.com/jobs/view/t%C3%A9cnico-a-jefe-a-de-producci%C3%B3n-saica-at-ayanet-recursos-humanos-4445929056,TÉCNICO/A JEFE/A DE PRODUCCIÓN (SAICA),,scraped,2026-07-30T19:05:34.166304,
156f81fe5e23ef78,https://es.linkedin.com/jobs/view/comercial-freelance-at-soybarbudo-4446055732,Comercial Freelance,,scraped,2026-07-30T19:05:41.724755,
03db4977e45cbf75,https://es.linkedin.com/jobs/view/t%C3%A9cnico-a-o-m-el%C3%A9ctrico-at-revergy-4444572912,Técnico/a O&M Eléctrico,,scraped,2026-07-30T19:05:48.037698,
6bd06565acf06ddb,https://es.linkedin.com/jobs/view/pr%C3%A1cticas-rrhh-teruel-at-serlog-4445935066,Prácticas RRHH Teruel,,scraped,2026-07-30T19:05:59.479552,
6d9d0dd3e8860e12,https://es.linkedin.com/jobs/view/supervisor-a-de-obra-at-the-green-recruitment-company-4444833478,Supervisor/a de Obra,,scraped,2026-07-30T19:06:10.831952,
3e95493f932a7573,https://es.linkedin.com/jobs/view/ingeniero-a-de-c%C3%A1lculos-el%C3%A9ctricos-at-the-green-recruitment-company-4446077775,Ingeniero/a de Cálculos Eléctricos,,scraped,2026-07-30T19:06:18.228868,
7d954127b1f082b6,https://es.linkedin.com/jobs/view/conductor-a-jornada-parcial-per-substituci%C3%B3-a-gandesa-at-%E5%AE%89%E5%9F%8E%E7%89%9B%E4%B9%B3%E8%B2%A9%E5%A3%B2%EF%BC%88%E6%A0%AA%EF%BC%89-4445132932,Conductor/a jornada parcial per substitució a Gandesa,安城牛乳販売（株）,posted,2026-07-31T10:10:52.456129,102
a8b7ff954b6b269e,https://es.linkedin.com/jobs/view/encargado-a-obra-at-randstad-4444575507,Encargado/a Obra,,scraped,2026-07-31T10:10:55.067884,
3c8ea447e1309487,https://es.linkedin.com/jobs/view/senior-bioprocess-scale-up-engineer-industrial-fermentation-at-empresa-confidencial-4447286111,Senior Bioprocess & Scale-up Engineer (Industrial Fermentation),Empresa Confidencial,posted,2026-07-31T10:11:22.786611,104
0631efd1d0a217cb,https://es.linkedin.com/jobs/view/klaviyo-email-marketing-specialist-dtc-e-commerce-100%25-remote-eu-at-foxelli-group-4447518767,Klaviyo Email Marketing Specialist| DTC E-commerce | 100% Remote EU,,scraped,2026-07-31T17:18:19.830292,
e3203574acb7833b,https://es.linkedin.com/jobs/view/veterinario-at-ivc-evidensia-espa%C3%B1a-4447286742,Veterinario,,scraped,2026-07-31T17:18:38.024345,
0867fba6bf251390,https://es.linkedin.com/jobs/view/auxiliar-t%C3%A9cnico-de-obra-at-instituto-aragon%C3%A9s-de-empleo-inaem-4445510369,Auxiliar Técnico de Obra,,scraped,2026-07-31T17:18:52.361326,
79035bd9f8720cc8,https://es.linkedin.com/jobs/view/oficial-1%C2%AA-electricista-at-instituto-aragon%C3%A9s-de-empleo-inaem-4445096500,OFICIAL 1ª ELECTRICISTA,,scraped,2026-07-31T17:19:00.921398,
baf3c59f85507e83,https://es.linkedin.com/jobs/view/t%C3%A9cnico-a-prl-aeropuerto-de-teruel-at-adecco-4444896740,Técnico/a PRL - Aeropuerto de Teruel,,scraped,2026-07-31T21:49:22.001427,
20fca4186644880f,https://es.linkedin.com/jobs/view/project-manager-at-eia21-4443268387,Project Manager,EIA21 - Estudios e Ingeniería Aplicada XXI,posted,2026-08-01T11:51:39.039291,106
545100ef290a5bd0,https://es.linkedin.com/jobs/view/director-a-de-obra-at-the-green-recruitment-company-4444841429,Director/a de Obra,,scraped,2026-08-01T11:51:49.719257,
037914626d401c15,https://es.linkedin.com/jobs/view/t%C3%A9cnico-inform%C3%A1tico-monitoreo-at-logirail-4445919300,Técnico Informático/Monitoreo,LogiRAIL,posted,2026-08-01T11:52:11.380840,108
2bc45f6cf89f0277,https://es.linkedin.com/jobs/view/sales-assistant-20h-grupo-pampling-citees-zaragoza-cc-puerto-venecia-at-pampling-4445849256,Sales Assistant 20H | Grupo Pampling | Citees Zaragoza CC Puerto Venecia,,scraped,2026-08-02T11:47:27.024218,
fcf80d9c1321b842,https://es.linkedin.com/jobs/view/sales-assistant-20h-grupo-pampling-citees-zaragoza-cc-puerto-venecia-at-pampling-4445858147,Sales Assistant 20H | Grupo Pampling | Citees Zaragoza CC Puerto Venecia,,scraped,2026-08-02T11:47:41.198380,
7d0b47e47249286c,https://es.linkedin.com/jobs/view/apartamento-venta-la-mata-centro-torrevieja-at-swiss-inmo-costa-blanca-4447651905,"Apartamento Venta La Mata - Centro, Torrevieja",,scraped,2026-08-02T22:56:49.408055,
cbe403ff13282fea,https://es.linkedin.com/jobs/view/apartamento-venta-la-mata-centro-torrevieja-at-swiss-inmo-costa-blanca-4447668385,"Apartamento Venta La Mata - Centro, Torrevieja",,scraped,2026-08-02T22:57:30.097039,
40afc686684a6f0e,https://es.linkedin.com/jobs/view/t%C3%A9cnico-de-contabilidad-at-instituto-aragon%C3%A9s-de-empleo-inaem-4443697008,Técnico de contabilidad,,scraped,2026-08-03T19:36:46.174268,
f5f3f0cbc2c457f8,https://es.linkedin.com/jobs/view/t%C3%A9cnico-a-mantenimiento-industrial-alca%C3%B1iz-at-adecco-4446048368,Técnico/a Mantenimiento Industrial - Alcañiz,,scraped,2026-08-03T19:36:55.976667,
e906afd5bee287cd,https://es.linkedin.com/jobs/view/administrativo-a-de-contabilidad-at-teccom-rrhh-4446002959,Administrativo/a de Contabilidad,,scraped,2026-08-03T19:37:03.459623,
f1417f7b8fb07ed9,https://es.linkedin.com/jobs/view/ghost-bot-v14-apk-at-apkdirectory-4448396422,Ghost Bot v14 APK,ApkDirectory,posted,2026-08-03T21:02:02.154015,110
4e70cde9a40bf018,https://es.linkedin.com/jobs/view/departamento-administrativo-contable-4448866526,Departamento administrativo/contable,Línea 10 Gestión S.L.,posted,2026-08-04T14:10:49.721687,112
1ece970db08e77f0,https://es.linkedin.com/jobs/view/operario-cnc-4448629262,Operario cnc,Sea Precisión S.L.U,posted,2026-08-05T02:29:34.908922,114
731afabb2c76609e,https://es.linkedin.com/jobs/view/especialista-en-instalaciones-at-levitec-4433933805,Especialista en instalaciones,,scraped,2026-08-05T02:29:41.560138,
5455c94c75a0a6a1,https://es.linkedin.com/jobs/view/t%C3%A9cnico-a-de-producto-at-noel-4444563671,Técnico/a de Producto,,scraped,2026-08-05T02:29:51.976895,
ccb3e0bd525591c3,https://es.linkedin.com/jobs/view/t%C3%A9cnico-comercial-sector-agr%C3%ADcola-at-reclut-4447177423,Técnico Comercial - Sector agrícola,,scraped,2026-08-05T02:30:00.412099,
8c3183d5771be834,https://es.linkedin.com/jobs/view/compte-citoyen-liste-at-quicksite-s%C3%A0rl-4448613946,Compte citoyen Liste,,scraped,2026-08-05T06:27:55.071225,
2459b9a020ec8367,https://es.linkedin.com/jobs/view/la-pasta-at-entrep-ph-4448508375,La Pasta,,scraped,2026-08-05T06:28:07.188661,
043f1d0926ec79ff,https://es.linkedin.com/jobs/view/oab-sp-divulga-lista-final-e-datas-de-argui%C3%A7%C3%A3o-para-o-trt-da-15%C2%AA-regi%C3%A3o-at-comiss%C3%A3o-de-defesa-dos-direitos-da-crian%C3%A7a-e-do-adolescente-da-oab-sp-4447326287,OAB SP divulga lista final e datas de arguição para o TRT da 15ª Região,,scraped,2026-08-05T06:28:18.503722,
d26c7cf8455b8b02,https://es.linkedin.com/jobs/view/oab-sp-define-lista-s%C3%AAxtupla-para-vaga-de-trt-15-pelo-quinto-constitucional-at-comiss%C3%A3o-de-defesa-dos-direitos-da-crian%C3%A7a-e-do-adolescente-da-oab-sp-4447316668,OAB SP define lista sêxtupla para vaga de TRT-15 pelo Quinto Constitucional,,scraped,2026-08-05T06:28:25.503207,
ada3d5c04afe293b,https://es.linkedin.com/jobs/view/quinto-constitucional-oab-sp-define-calend%C3%A1rio-e-lista-final-para-o-trt-2-at-comiss%C3%A3o-de-defesa-dos-direitos-da-crian%C3%A7a-e-do-adolescente-da-oab-sp-4447330091,Quinto Constitucional: OAB SP define calendário e lista final para o TRT-2,,scraped,2026-08-05T06:28:44.529247,
4bad00f61dd7b365,https://es.linkedin.com/jobs/view/jefe-de-servicios-at-suman-social-sl-4447380273,JEFE DE SERVICIOS,,scraped,2026-08-05T10:34:40.601875,
f97fea228bcf0f45,https://es.linkedin.com/jobs/view/na-at-csvbase-4449642587,<NA>,csvbase,posted,2026-08-05T14:08:51.455853,116
b4662cd56bc983a4,https://es.linkedin.com/jobs/view/qonto-at-wesaas-4449121327,Qonto,,scraped,2026-08-05T14:08:54.080623,
285b7b508f3560cf,https://es.linkedin.com/jobs/view/t%C3%A9cnico-a-de-impresi%C3%B3n-at-wanapix-4449446989,Técnico/a de Impresión,,scraped,2026-08-05T14:09:10.518908,
0977482b3a6ae9b3,https://es.linkedin.com/jobs/view/encargado-a-de-log%C3%ADstica-interna-proyecto-solar-en-teruel-at-ges-global-energy-services-4446627232,Encargado/a de Logística Interna - Proyecto Solar en Teruel,,scraped,2026-08-05T14:09:20.704701,
8ee32269eb8ec14b,https://es.linkedin.com/jobs/view/veterinario-h-m-x-at-manpowergroup-4447361821,VETERINARIO (h/m/x),ManpowerGroup,posted,2026-08-05T14:09:34.417424,118
8aaf34ba0d705b5b,https://es.linkedin.com/jobs/view/coordinador-a-ingenier%C3%ADa-en-obra-proyecto-de-construcci%C3%B3n-renovable-solar-at-ges-global-energy-services-4448019035,Coordinador/a Ingeniería en Obra - Proyecto de Construcción Renovable (Solar),,scraped,2026-08-05T14:09:45.095736,
25b2556339ad947d,https://es.linkedin.com/jobs/view/posizione-aperta-progettista-elettrico-fotovoltaico-at-zeb-zero-energy-buildings-4448850499,Posizione aperta: Progettista elettrico (fotovoltaico),,scraped,2026-08-05T22:58:57.489225,
7dc45b4b6a738e32,https://es.linkedin.com/jobs/view/programador-a-de-control-at-mecalux-4449119885,Programador/a de Control,,scraped,2026-08-06T06:30:59.338549,
c09c66503c43d1d9,https://es.linkedin.com/jobs/view/tecnico-de-prl-at-brelec-renovables-4448433006,Tecnico de PRL,,scraped,2026-08-06T14:08:22.951303,
27a70ca28b5ba874,https://es.linkedin.com/jobs/view/t%C3%A9cnico-de-calidad-at-brelec-renovables-4448409921,Técnico de Calidad,,scraped,2026-08-06T14:08:37.432941,
9c81783dfb4e5c92,https://es.linkedin.com/jobs/view/instalador-t%C3%A9cnico-audiovisual-at-ematiza-audiovisual-4442465869,Instalador / Técnico Audiovisual,Ematiza Audiovisual,posted,2026-08-06T14:09:04.891782,120
b9f819fc3f0f7c0e,https://es.linkedin.com/jobs/view/t%C3%A9cnico-de-mantenimiento-4450604502,Técnico de mantenimiento,Residencia y centro de día para personas mayores Magda Godia - Fundación Rey Ardid,posted,2026-08-06T23:58:34.528490,122
c701989cd6b47400,https://es.linkedin.com/jobs/view/financial-analyst-at-posto-xopot%C3%B3-4448039162,Financial Analyst,Posto xopotó,posted,2026-08-06T23:58:53.272849,124
311cd060f200ab4a,https://es.linkedin.com/jobs/view/gerente-de-banca-comercial-at-ibercaja-4448419342,Gerente de banca comercial,,scraped,2026-08-06T23:59:00.067462,
b3c84d20efcc884e,https://es.linkedin.com/jobs/view/agente-comercial-arag%C3%B3n-at-cecotec-4448786269,Agente Comercial Aragón,,scraped,2026-08-07T13:02:42.233242,
28b1623eef89aabd,https://es.linkedin.com/jobs/view/dise%C3%B1ador-mec%C3%A1nico-at-instituto-aragon%C3%A9s-de-empleo-inaem-4448403189,DISEÑADOR MECÁNICO,Instituto Aragonés de Empleo (INAEM),posted,2026-08-07T14:53:39.523721,126
2ea7c818d14a538f,https://es.linkedin.com/jobs/view/%D8%A3%D9%83%D9%85%D9%84-%D8%B7%D9%84%D8%A8%D9%83-%D8%A7%D9%84%D8%A2%D9%86-at-funnel-flake-4450749481,أكمل طلبك الآن,Funnel Flake,posted,2026-08-07T18:56:29.659949,128
591c5eb1673d5a7e,https://es.linkedin.com/jobs/view/automation-tehcnical-leader-at-mecalux-4449111964,Automation Tehcnical Leader,,scraped,2026-08-07T18:56:44.531970,
442694345037e13c,https://es.linkedin.com/jobs/view/auxiliar-de-sal%C3%B3n-de-juegos-calamocha-at-valisa-internacional-s-a-4448779213,Auxiliar de salón de juegos | Calamocha,,scraped,2026-08-07T18:56:54.505437,
216a39c00d227b59,https://es.linkedin.com/jobs/view/profesor-a-de-ingl%C3%A9s-my-english-house-at-my-english-house-eixample-4449223091,Profesor/a de Inglés - My English House,,scraped,2026-08-07T18:57:11.647716,
7773668c1293ed8c,https://es.linkedin.com/jobs/view/posizione-aperta-ingegnere-architetto-termotecnico-at-zeb-zero-energy-buildings-4450097778,Posizione aperta: INGEGNERE/ARCHITETTO/TERMOTECNICO,,scraped,2026-08-08T10:33:24.333361,
17c88ac60fecfe61,https://es.linkedin.com/jobs/view/encargado-a-de-mantenimiento-electricidad-at-motorland-arag%C3%B3n-4451053265,Encargado/a de Mantenimiento/Electricidad,,scraped,2026-08-08T18:37:08.199167,
666a269aaf617efc,https://es.linkedin.com/jobs/view/busco-peluquer%40-at-arte-miss-4450925175,Busco Peluquer@,Arte-Miss,posted,2026-08-08T18:37:28.756067,38
c98f3e4a949ada95,https://es.linkedin.com/jobs/view/neus-rosell-civit-at-actives-x-clima-4451367187,Neus Rosell Civit,Actives x Clima,posted,2026-08-09T18:39:50.190988,130
19d051041fba6ce6,https://es.linkedin.com/jobs/view/entrenador-personal-at-sportup-personal-trainers-4450995102,Entrenador Personal,,scraped,2026-08-09T18:39:52.817307,
0c38e83d5ac2e864,https://es.linkedin.com/jobs/view/veterinario-junior-anicura-aralar-hospital-veterinario-at-anicura-4401668227,Veterinario Junior - AniCura Aralar Hospital Veterinario,,scraped,2026-08-09T18:40:11.250846,
5ad7bb202dba8987,https://es.linkedin.com/jobs/view/creador-a-de-contenido-social-media-freelance-at-miium-4451362549,Creador/a de contenido/ Social Media/ Freelance,miium,posted,2026-08-09T20:32:42.952744,132
f6f3ae5bea9eac89,https://es.linkedin.com/jobs/view/director-a-de-obra-direcci%C3%B3n-facultativa-at-the-green-recruitment-company-4451121074,Director/a de Obra - Dirección Facultativa,,scraped,2026-08-10T07:40:48.493150,
d7016277378a291d,https://es.linkedin.com/jobs/view/especialista-en-ventas-pirineo-aragon%C3%A9s-at-campomar-selecci%C3%B3n-gourmet-4451500163,Especialista en ventas Pirineo Aragonés,,scraped,2026-08-10T07:41:01.694116,
f32501ccd2fa3387,https://es.linkedin.com/jobs/view/t%C3%A9cnico-a-jefe-a-de-producci%C3%B3n-saica-at-ayanet-recursos-humanos-4451397956,TÉCNICO/A JEFE/A DE PRODUCCIÓN (SAICA),,scraped,2026-08-10T09:21:06.293748,
c1054b7fb619304d,https://es.linkedin.com/jobs/view/automation-tehcnical-leader-at-mecalux-4451123600,Automation Tehcnical Leader,,scraped,2026-08-10T11:08:42.286175,
ad80399b45666b0d,https://es.linkedin.com/jobs/view/programador-a-de-control-at-mecalux-4451122627,Programador/a de Control,,scraped,2026-08-10T13:06:45.261017,
de62e7823f01d397,https://es.linkedin.com/jobs/view/t%C3%A9cnico-log%C3%ADstico-e%C3%B3lico-at-eosol-4451148961,Técnico Logístico Eólico,EOSOL,posted,2026-08-10T13:09:27.264395,134
11fae19b17564218,https://es.linkedin.com/jobs/view/operarios-as-prefabricados-la-puebla-de-hijar-at-molins-4449592420,OPERARIOS/AS PREFABRICADOS (La Puebla de Hijar),,scraped,2026-08-10T16:55:22.329060,
5c23561812303948,https://es.linkedin.com/jobs/view/personal-mantenimiento-industrial-la-puebla-de-hijar-at-molins-4449579802,PERSONAL MANTENIMIENTO INDUSTRIAL (La Puebla de Hijar),,scraped,2026-08-10T16:55:41.440030,
d8c4ba2fb63aca8f,https://es.linkedin.com/jobs/view/asesor-a-fiscal-at-grupo-crit-4450221916,Asesor/a Fiscal,,scraped,2026-08-10T16:55:50.020958,
505ac17bed345301,https://es.linkedin.com/jobs/view/t%C3%A9cnico-a-de-operaci%C3%B3n-y-mantenimiento-planta-solar-at-zelestra-4450222293,Técnico/a de Operación y Mantenimiento Planta Solar,,scraped,2026-08-10T16:55:59.262871,
b4a523db975dc8d1,https://es.linkedin.com/jobs/view/jefe-de-obra-at-the-green-recruitment-company-4451103750,Jefe de obra,,scraped,2026-08-10T16:56:22.392288,
1adac570b8ef95ae,https://es.linkedin.com/jobs/view/ingeniero-a-subestaciones-at-the-green-recruitment-company-4451113723,Ingeniero/a Subestaciones,,scraped,2026-08-10T16:56:29.653475,
bd18ed03d8fff93c,https://www.linkedin.com/jobs/view/13322/,"1,000+Undergraduate Research Assistant Jobs in United States",,failed|wp_post_failed,2026-08-10T20:42:00.627512,
deecf0b1b157f8b8,https://es.linkedin.com/jobs/view/operario-a-metal-at-fundaci%C3%B3n-vicor-4447331793,Operario/A Metal,Fundación ViCOR,posted,2026-08-10T20:42:32.391388,136
73e791784adfa608,https://es.linkedin.com/jobs/view/t%C3%A9cnico-aeron%C3%A1utico-b1-1-at-tarmac-aerosave-4451642514,Técnico Aeronáutico B1.1,TARMAC AEROSAVE,posted,2026-08-11T08:56:10.453235,138
2518cd3e75f2ebc7,https://es.linkedin.com/jobs/view/t%C3%A9cnico-a-comercial-agr%C3%ADcola-%E2%80%93-bioestimulantes-y-fertilizantes-arag%C3%B3n-y-catalu%C3%B1a-at-human-talent-connection-4452420437,Técnico/a Comercial Agrícola – Bioestimulantes y Fertilizantes | Aragón y Cataluña,,scraped,2026-08-11T10:53:03.610694,
8ea22965333e058e,https://es.linkedin.com/jobs/view/t%C3%A9cnico-a-superior-de-prl-alca%C3%B1iz-at-mas-prevenci%C3%B3n-4451670213,Técnico/a superior de PRL- Alcañiz,,scraped,2026-08-11T10:54:16.161158,
7907083fd6660834,https://es.linkedin.com/jobs/view/m%C3%A9dico-at-emocional-com-4452429849,Médico,,scraped,2026-08-11T14:57:26.222042,
f2134c0f9d90e251,https://es.linkedin.com/jobs/view/data-engineer-internship-m-f-x-at-procter-gamble-4451636937,Data Engineer Internship (m/f/x),Procter &amp; Gamble,posted,2026-08-11T14:57:54.874982,140
2473b9a72c861c42,https://es.linkedin.com/jobs/view/data-engineer-internship-m-f-x-at-procter-gamble-espa%C3%B1a-4452424266,Data Engineer Internship (m/f/x),Procter & Gamble España,posted,2026-08-11T14:58:01.400365,140
d52ffa7b85370f09,https://es.linkedin.com/jobs/view/responsable-de-calidad-y-seguridad-alimentaria-teruel-at-adecco-4449392332,Responsable de Calidad y Seguridad Alimentaria - Teruel,,scraped,2026-08-11T19:02:15.641325,
7fd18aa8ce31a584,https://es.linkedin.com/jobs/view/formador-a-en-prl-con-conocimientos-en-ergonom%C3%ADa-at-next-level-4449583098,FORMADOR/A EN PRL CON CONOCIMIENTOS EN ERGONOMÍA,NEXT LEVEL,posted,2026-08-11T19:02:57.233900,142
67447b252305579d,https://es.linkedin.com/jobs/view/conductor-a-profesional-tr%C3%A1iler-c%2Be-tr%C3%A1fico-nacional-zaragoza-at-tdrjobs-4451928590,Conductor/a profesional tráiler C+E TRÁFICO NACIONAL - Zaragoza,,scraped,2026-08-11T20:43:22.894401,
005603d18fec7cb7,https://es.linkedin.com/jobs/view/dependiente-a-at-ilusiona-ocio-4451392112,Dependiente/a,,scraped,2026-08-11T20:43:42.485294,
2adf262de5d0cfe1,https://es.linkedin.com/jobs/view/especialista-del-metal-para-maquinaria-agroindustrial-at-airbe-4451926388,Especialista Del Metal Para Maquinaria Agroindustrial,,scraped,2026-08-11T22:41:38.289893,
782d3c6d15d29159,https://es.linkedin.com/jobs/view/supervisor-a-de-obra-at-the-green-recruitment-company-4451103745,Supervisor/a de Obra,,scraped,2026-08-11T22:42:15.382371,
43c564e9f37c9dc3,https://es.linkedin.com/jobs/view/t%C3%A9cnico-comunicaciones-n2-at-logirail-4453094405,Técnico Comunicaciones N2,LogiRAIL,posted,2026-08-12T09:11:48.182292,144
032e2fe68a4974b9,https://es.linkedin.com/jobs/view/psic%C3%B3logo-a-at-emocional-com-4453076699,Psicólogo/a,,scraped,2026-08-12T11:00:42.966330,
31643e1163c01eb7,https://es.linkedin.com/jobs/view/t%C3%A9cnica-o-comercial-en-electrot%C3%A9cnica-%E2%80%93-regi%C3%B3n-arag%C3%B3n-at-eltako-4454039100,Técnica/o comercial en electrotécnica – Región Aragón,ELTAKO,posted,2026-08-13T14:57:19.622808,146
448e8879391eea22,https://es.linkedin.com/jobs/view/jefe-de-obra-planta-fotovoltaica-at-brelec-renovables-4450492497,Jefe de obra planta fotovoltaica,,scraped,2026-08-13T14:57:24.250383,
16e44802dbab0867,https://es.linkedin.com/jobs/view/vendedor-a-verano-zaragoza-cc-puerto-de-venecia-20-horas-temporal-at-rituals-cosmetics-ib%C3%A9rica-b-corp%E2%84%A2-4443351929,Vendedor/a Verano - Zaragoza -  CC. Puerto de Venecia - 20 horas (temporal),,scraped,2026-08-13T14:57:46.934920,
fb8d1d4a17ec30d7,https://es.linkedin.com/jobs/view/t%C3%A9cnico-de-recursos-humanos-at-vsancho-4451905002,Técnico de recursos humanos,,scraped,2026-08-14T18:53:37.194605,
01d593fbf00028c0,https://es.linkedin.com/jobs/view/gerente-de-restaurante-la-torre-del-visco-at-hospitaliti-4451925645,Gerente de Restaurante - La Torre del Visco,,scraped,2026-08-14T18:53:47.354940,
bc353e025f27dd25,https://es.linkedin.com/jobs/view/special-education-resource-room-teacher-at-michigan-association-of-secondary-school-principals-massp-4453902918,Special Education Resource Room Teacher,Michigan Association of Secondary School Principals (MASSP),posted,2026-08-15T12:36:19.187679,148
62294161a45ea743,https://es.linkedin.com/jobs/view/t%C3%A9cnico-electromec%C3%A1nico-at-manteniment-i-reparacio-amper-sl-4455132526,Técnico electromecánico,MANTENIMENT I REPARACIO AMPER SL,posted,2026-08-15T22:21:06.529266,150
46efdd3cd4121818,https://es.linkedin.com/jobs/view/operario-a-almac%C3%A9n-mro-at-grupo-urvina-4455358123,OPERARIO/A ALMACÉN MRO,,scraped,2026-08-17T20:26:44.195171,
87c162ce20367ea7,https://es.linkedin.com/jobs/view/monitor-a-deportivo-multidisciplinar-vilafranca-at-synergym-academy-4452524094,Monitor/a Deportivo Multidisciplinar Vilafranca,Synergym Academy,posted,2026-08-18T01:11:06.176524,152
b7a123f314ef3139,https://es.linkedin.com/jobs/view/azafato-a-at-agy-agency-4455561762,Azafato/a,,scraped,2026-08-18T02:55:03.554358,
d8f8d41e13504683,https://es.linkedin.com/jobs/view/recurso-preventivo-el-burgo-de-ebro-zaragoza-y-huesca-at-grupo-mpe-4452586287,RECURSO PREVENTIVO - El Burgo de Ebro (Zaragoza) y Huesca,,scraped,2026-08-18T10:27:38.449477,
e9b3b7a6c2be9fcc,https://es.linkedin.com/jobs/view/personal-de-limpieza-%C3%A1rea-de-servicio-de-pina-del-ebro-at-areas-4455598318,Personal de Limpieza - Área de Servicio de Pina del Ebro,,scraped,2026-08-18T10:27:48.005032,
2cb72095dbf63f04,https://es.linkedin.com/jobs/view/t%C3%A9cnico-de-mantenimiento-at-claire-joster-4452587401,Técnico de mantenimiento,,scraped,2026-08-18T10:28:00.192756,
b8bf0db3f45fca2c,https://es.linkedin.com/jobs/view/cro-specialist-dtc-e-commerce-100%25-remote-eu-at-foxelli-group-4455759107,CRO Specialist | DTC E-commerce | 100% Remote EU,,scraped,2026-08-18T14:33:17.523116,
d5b9a6ad898b7dfb,https://es.linkedin.com/jobs/view/ingeniero-a-de-procesos-automoci%C3%B3n-at-segula-technologies-4392503718,Ingeniero/a de Procesos (automoción),SEGULA Technologies,posted,2026-08-18T16:30:47.312119,154
4f362b41478d173a,https://es.linkedin.com/jobs/view/gestor-a-comercial-teruel-at-hijos-de-rivera-s-a-u-4428921592,Gestor/a Comercial Teruel,"Hijos de Rivera, S.A.U.",posted,2026-08-18T16:31:04.807115,156
15f0358890964c77,https://es.linkedin.com/jobs/view/camarero-a-y-cocinero-a-en-%C3%A1rea-de-servicio-pina-de-ebro-at-areas-4455761619,Camarero/a y Cocinero/a en Área de Servicio Pina de Ebro,,scraped,2026-08-18T16:31:07.447666,
f040c2ce455969b6,https://es.linkedin.com/jobs/view/account-manager-zaragoza-at-zoomlion-4454794029,Account Manager (Zaragoza),,scraped,2026-08-18T18:37:48.589750,
03bb423e0a479aef,https://es.linkedin.com/jobs/view/limpieza-en-%C3%A1rea-de-servicio-t%C3%BAnel-del-cad%C3%AD-cerdanya-at-areas-4456132239,Limpieza en Área de Servicio Túnel del Cadí (Cerdanya),,scraped,2026-08-19T02:57:17.869863,
cbfdeb449da369bb,https://es.linkedin.com/jobs/view/camarero-a-en-%C3%A1rea-de-servicio-t%C3%BAnel-del-cad%C3%AD-cerdanya-at-areas-4456122408,Camarero/a en Área de Servicio Túnel del Cadí (Cerdanya),,scraped,2026-08-19T02:57:35.249111,
3ffc0dcbd3b6145d,https://es.linkedin.com/jobs/view/cocinero-a-en-%C3%A1rea-de-servicio-t%C3%BAnel-del-cad%C3%AD-cerdanya-at-areas-4456116524,Cocinero/a en Área de Servicio Túnel del Cadí (Cerdanya),,scraped,2026-08-19T02:57:42.503239,
